date,flow_m3s
01/10/2021,0.35
02/10/2021,0.265
03/10/2021,0.204
04/10/2021,0.16
05/10/2021,0.129
06/10/2021,0.107
07/10/2021,0.091
08/10/2021,0.079
09/10/2021,0.071
10/10/2021,0.35
11/10/2021,0.265
12/10/2021,0.204
13/10/2021,0.16
14/10/2021,0.129
15/10/2021,0.107
16/10/2021,0.091
17/10/2021,0.079
18/10/2021,0.071
19/10/2021,0.35
20/10/2021,0.265
21/10/2021,0.204
22/10/2021,0.16
23/10/2021,0.129
24/10/2021,0.107
25/10/2021,0.091
26/10/2021,0.079
27/10/2021,0.071
28/10/2021,0.35
29/10/2021,0.265
30/10/2021,0.204
31/10/2021,0.16
01/11/2021,0.129
02/11/2021,0.107
03/11/2021,0.091
04/11/2021,0.079
05/11/2021,0.071
06/11/2021,0.35
07/11/2021,0.265
08/11/2021,0.204
09/11/2021,0.16
11/11/2021,0.107
12/11/2021,0.091
13/11/2021,0.079
14/11/2021,0.071
15/11/2021,0.35
16/11/2021,0.265
17/11/2021,0.204
18/11/2021,0.16
19/11/2021,0.129
20/11/2021,0.107
21/11/2021,0.091
22/11/2021,0.079
23/11/2021,0.071
24/11/2021,0.35
25/11/2021,0.265
26/11/2021,0.204
27/11/2021,0.16
28/11/2021,0.129
29/11/2021,0.107
30/11/2021,0.091
01/12/2021,0.079
02/12/2021,0.071
03/12/2021,0.35
04/12/2021,0.265
05/12/2021,0.204
06/12/2021,0.16
07/12/2021,0.129
08/12/2021,0.107
09/12/2021,0.091
10/12/2021,0.079
11/12/2021,0.071
12/12/2021,0.35
13/12/2021,0.265
14/12/2021,0.204
15/12/2021,0.16
16/12/2021,0.129
17/12/2021,0.107
18/12/2021,0.091
19/12/2021,0.079
20/12/2021,0.071
21/12/2021,0.35
22/12/2021,0.265
23/12/2021,0.204
24/12/2021,0.16
25/12/2021,0.129
26/12/2021,0.107
27/12/2021,0.091
28/12/2021,0.079
29/12/2021,0.071
30/12/2021,0.35
31/12/2021,0.265
