date,rain_mm
2021-10-01,18
2021-10-02,0
2021-10-03,0
2021-10-04,0
2021-10-05,2.5
2021-10-06,0
2021-10-07,0
2021-10-08,0
2021-10-09,2.5
2021-10-10,22
2021-10-11,0
2021-10-12,0
2021-10-13,2.5
2021-10-14,0
2021-10-15,0
2021-10-16,0
2021-10-17,2.5
2021-10-18,0
2021-10-19,21
2021-10-20,0
2021-10-21,2.5
2021-10-22,0
2021-10-23,0
2021-10-24,0
2021-10-25,2.5
2021-10-26,0
2021-10-27,0
2021-10-28,20
2021-10-29,2.5
2021-10-30,0
2021-10-31,0
2021-11-01,0
2021-11-02,2.5
2021-11-03,0
2021-11-04,0
2021-11-05,0
2021-11-06,19
2021-11-07,0
2021-11-08,0
2021-11-09,0
2021-11-10,2.5
2021-11-11,0
2021-11-12,0
2021-11-13,0
2021-11-14,2.5
2021-11-15,18
2021-11-16,0
2021-11-17,0
2021-11-18,2.5
2021-11-19,0
2021-11-20,0
2021-11-21,0
2021-11-22,2.5
2021-11-23,0
2021-11-24,22
2021-11-25,0
2021-11-26,2.5
2021-11-27,0
2021-11-28,0
2021-11-29,0
2021-11-30,2.5
2021-12-01,0
2021-12-02,0
2021-12-03,21
2021-12-04,2.5
2021-12-05,0
2021-12-06,0
2021-12-07,0
2021-12-08,2.5
2021-12-09,0
2021-12-10,0
2021-12-11,0
2021-12-12,20
2021-12-13,0
2021-12-14,0
2021-12-15,0
2021-12-16,2.5
2021-12-17,0
2021-12-18,0
2021-12-19,0
2021-12-20,2.5
2021-12-21,19
2021-12-22,0
2021-12-23,0
2021-12-24,2.5
2021-12-25,0
2021-12-26,0
2021-12-27,0
2021-12-28,2.5
2021-12-29,0
2021-12-30,18
2021-12-31,0
